beatid,onset,bar,beat,signature,chord,form,bass_pitch,chorus_id
9552,8.52124716553288,1,1,4/4,F7,A1,53,1
9553,9.007823129251701,1,2,,,,43,1
9554,9.473628117913833,1,3,,,,53,1
9555,9.953061224489796,1,4,,,,45,1
9556,10.393877551020408,2,1,,Bb7,,47,1
9557,10.854285714285714,2,2,,,,35,1
9558,11.320997732426305,2,3,,,,37,1
9559,11.812947845804988,2,4,,,,37,1
9560,12.279637188208616,3,1,,F7,,43,1
9561,12.745419501133787,3,2,,,,37,1
9562,13.221995464852608,3,3,,,,45,1
9563,13.669319727891157,3,4,,,,43,1
9564,14.145691609977325,4,1,,,,43,1
9565,14.612358276643992,4,2,,,,51,1
9566,15.079365079365079,4,3,,,,48,1
9567,15.546009070294785,4,4,,,,47,1
9568,16.008163265306123,5,1,,Bb7,,46,1
9569,16.468979591836735,5,2,,,,45,1
9570,16.950816326530614,5,3,,,,43,1
9571,17.447097505668935,5,4,,,,42,1
9572,17.928979591836736,6,1,,,,41,1
9573,18.405736961451247,6,2,,,,39,1
9574,18.862630385487527,6,3,,,,38,1
9575,19.314149659863947,6,4,,,,35,1
9576,19.779909297052154,7,1,,F7,,36,1
9577,20.25219954648526,7,2,,,,36,1
9578,20.71356009070295,7,3,,,,35,1
9579,21.17047619047619,7,4,,,,34,1
9580,21.652426303854874,8,1,,A-7,,33,1
9581,22.119024943310656,8,2,,,,39,1
9582,22.59548752834467,8,3,,D7,,38,1
9583,23.07183673469388,8,4,,,,44,1
9584,23.548639455782315,9,1,,G-7,,43,1
9585,24.020634920634922,9,2,,,,36,1
9586,24.507142857142856,9,3,,,,38,1
9587,24.953333333333333,9,4,,,,43,1
9588,25.429795918367347,10,1,,C7,,36,1
9589,25.906575963718822,10,2,,,,37,1
9590,26.388367346938775,10,3,,,,38,1
9591,26.84562358276644,10,4,,,,40,1
9592,27.32204081632653,11,1,,F7,,41,1
9593,27.77891156462585,11,2,,,,43,1
9594,28.239410430839,11,3,,D7,,44,1
9595,28.72142857142857,11,4,,,,38,1
9596,29.1881179138322,12,1,,G-7,,43,1
9597,29.654897959183675,12,2,,,,37,1
9598,30.141383219954648,12,3,,C7,,36,1
9599,30.608049886621316,12,4,,,,43,1
9600,31.080385487528346,13,1,,F7,A1,41,2
9601,31.53732426303855,13,2,,,,39,2
9602,32.01281179138322,13,3,,,,50,2
9603,32.489501133786845,13,4,,,,49,2
9604,32.96600907029478,14,1,,Bb7,,48,2
9605,33.438367346938776,14,2,,,,46,2
9606,33.910204081632656,14,3,,,,45,2
9607,34.371814058956915,14,4,,,,43,2
9608,34.83848072562358,15,1,,F7,,42,2
9609,35.324829931972786,15,2,,,,43,2
9610,35.79145124716553,15,3,,,,50,2
9611,36.247460317460316,15,4,,,,49,2
9612,36.73394557823129,16,1,,,,48,2
9613,37.20061224489796,16,2,,,,43,2
9614,37.663061224489795,16,3,,,,42,2
9615,38.13972789115646,16,4,,,,36,2
9616,38.61609977324263,17,1,,Bb7,,34,2
9617,39.0925850340136,17,2,,,,44,2
9618,39.59426303854875,17,3,,,,43,2
9619,40.06977324263038,17,4,,,,42,2
9620,40.57136054421769,18,1,,,,42,2
9621,41.0633560090703,18,2,,,,38,2
9622,41.5649433106576,18,3,,,,35,2
9623,42.031768707482996,18,4,,,,38,2
9624,42.498390022675736,19,1,,F7,,37,2
9625,42.959659863945575,19,2,,,,48,2
9626,43.43172335600907,19,3,,,,46,2
9627,43.918072562358276,19,4,,,,44,2
9628,44.35918367346939,20,1,,A-7,,45,2
9629,44.850521541950116,20,2,,,,37,2
9630,45.34260770975057,20,3,,D7,,38,2
9631,45.828979591836735,20,4,,,,42,2
9632,46.301179138322,21,1,,G-7,,43,2
9633,46.77755102040816,21,2,,,,43,2
9634,47.26403628117914,21,3,,,,43,2
9635,47.72092970521542,21,4,,,,43,2
9636,48.22260770975057,22,1,,C7,,43,2
9637,48.71861678004535,22,2,,,,42,2
9638,49.19095238095238,22,3,,,,48,2
9639,49.656893424036284,22,4,,,,46,2
9640,50.133219954648524,23,1,,F7,,45,2
9641,50.6250566893424,23,2,,,,43,2
9642,51.091859410430835,23,3,,,,42,2
9643,51.568390022675736,23,4,,,,38,2
9644,52.04489795918367,24,1,,G-7,,43,2
9645,52.527074829931976,24,2,,,,37,2
9646,52.99371882086168,24,3,,C7,,52,2
9647,53.469319727891154,24,4,,,,43,2
9648,53.946009070294785,25,1,,F7,A1,41,3
9649,54.4,25,2,,,,43,3
9650,54.86968253968254,25,3,,,,43,3
9651,55.346167800453514,25,4,,,,43,3
9652,55.8478231292517,26,1,,Bb7,,41,3
9653,56.31448979591837,26,2,,,,43,3
9654,56.791156462585036,26,3,,,,43,3
9655,57.25687074829932,26,4,,,,43,3
9656,57.75861678004535,27,1,,F7,,41,3
9657,58.24047619047619,27,2,,,,43,3
9658,58.717233560090705,27,3,,,,43,3
9659,59.17417233560091,27,4,,,,42,3
9660,59.6309977324263,28,1,,,,41,3
9661,60.092290249433105,28,2,,,,42,3
9662,60.54825396825397,28,3,,,,43,3
9663,61.015260770975054,28,4,,,,45,3
9664,61.462426303854876,29,1,,Bb7,,34,3
9665,61.909569160997734,29,2,,,,46,3
9666,62.38367346938775,29,3,,,,45,3
9667,62.85299319727891,29,4,,,,46,3
9668,63.33922902494331,30,1,,,,35,3
9669,63.811519274376415,30,2,,,,47,3
9670,64.29689342403628,30,3,,,,46,3
9671,64.7985260770975,30,4,,,,47,3
9672,65.28471655328798,31,1,,F7,,37,3
9673,65.77657596371883,31,2,,,,48,3
9674,66.24328798185941,31,3,,,,48,3
9675,66.73532879818595,31,4,,,,46,3
9676,67.23120181405896,32,1,,A-7,,45,3
9677,67.688231292517,32,2,,,,33,3
9678,68.16496598639456,32,3,,D7,,38,3
9679,68.65575963718821,32,4,,,,44,3
9680,69.1518820861678,33,1,,G-7,,43,3
9681,69.62448979591836,33,2,,,,38,3
9682,70.12027210884354,33,3,,,,43,3
9683,70.5924036281179,33,4,,,,35,3
9684,71.06938775510204,34,1,,C7,,36,3
9685,71.54285714285714,34,2,,,,37,3
9686,72.0326530612245,34,3,,,,38,3
9687,72.4943537414966,34,4,,,,40,3
9688,72.97142857142858,35,1,,F7,,45,3
9689,73.44489795918368,35,2,,,,33,3
9690,73.93839002267573,35,3,,D7,,38,3
9691,74.40526077097506,35,4,,,,44,3
9692,74.87197278911565,36,1,,G-7,,43,3
9693,75.34843537414966,36,2,,,,37,3
9694,75.8053514739229,36,3,,C7,,36,3
9695,76.29183673469387,36,4,,,,28,3
9696,76.78253968253968,37,1,,F7,A1,41,4
9697,77.25027210884353,37,2,,,,41,4
9698,77.71609977324263,37,3,,,,43,4
9699,78.19251700680272,37,4,,,,33,4
9700,78.65922902494331,38,1,,Bb7,,34,4
9701,79.10639455782312,38,2,,,,36,4
9702,79.55353741496599,38,3,,,,38,4
9703,80.0201814058957,38,4,,,,40,4
9704,80.50666666666666,39,1,,F7,,41,4
9705,80.98319727891156,39,2,,,,33,4
9706,81.48476190476191,39,3,,,,34,4
9707,81.97022675736962,39,4,,,,35,4
9708,82.44251700680272,40,1,,,,36,4
9709,82.9092970521542,40,2,,,,43,4
9710,83.37589569160998,40,3,,,,43,4
9711,83.83285714285714,40,4,,,,45,4
9712,84.3291156462585,41,1,,Bb7,,45,4
9713,84.79575963718821,41,2,,,,38,4
9714,85.2680045351474,41,3,,,,39,4
9715,85.73390022675737,41,4,,,,40,4
9716,86.22018140589569,42,1,,,,41,4
9717,86.69680272108843,42,2,,,,45,4
9718,87.15371882086168,42,3,,,,47,4
9719,87.60092970521542,42,4,,,,40,4
9720,88.05238095238096,43,1,,F7,,41,4
9721,88.5150566893424,43,2,,,,33,4
9722,88.98081632653061,43,3,,,,34,4
9723,89.43229024943311,43,4,,,,35,4
9724,89.89891156462585,44,1,,A-7,,36,4
9725,90.34605442176871,44,2,,,,36,4
9726,90.82290249433106,44,3,,D7,,38,4
9727,91.27975056689343,44,4,,,,42,4
9728,91.7552380952381,45,1,,G-7,,43,4
9729,92.2204081632653,45,2,,,,45,4
9730,92.68571428571428,45,3,,,,45,4
9731,93.17097505668934,45,4,,,,49,4
9732,93.6278231292517,46,1,,C7,,48,4
9733,94.09462585034014,46,2,,,,43,4
9734,94.571179138322,46,3,,,,36,4
9735,95.0478231292517,46,4,,,,46,4
9736,95.52326530612245,47,1,,F7,,33,4
9737,95.98031746031747,47,2,,,,45,4
9738,96.42761904761905,47,3,,D7,,38,4
9739,96.87471655328798,47,4,,,,44,4
9740,97.3263492063492,48,1,,G-7,,43,4
9741,97.78938775510204,48,2,,,,39,4
9742,98.2392970521542,48,3,,C7,,47,4
9743,98.71585034013606,48,4,,,,40,4
9744,99.19242630385487,49,1,,F7,A1,36,5
9745,99.66482993197279,49,2,,,,52,5
9746,100.13136054421769,49,3,,,,39,5
9747,100.59274376417234,49,4,,,,42,5
9748,101.03990929705215,50,1,,Bb7,,43,5
9749,101.5056462585034,50,2,,,,43,5
9750,101.99768707482993,50,3,,,,46,5
9751,102.43920634920634,50,4,,,,40,5
9752,102.90612244897959,51,1,,F7,,48,5
9753,103.38809523809523,51,2,,,,46,5
9754,103.8395918367347,51,3,,,,45,5
9755,104.29183673469387,51,4,,,,43,5
9756,104.7408163265306,52,1,,,,42,5
9757,105.2,52,2,,,,39,5
9758,105.66530612244898,52,3,,,,36,5
9759,106.14285714285714,52,4,,,,35,5
9760,106.60981859410431,53,1,,Bb7,,34,5
9761,107.08628117913833,53,2,,,,44,5
9762,107.54312925170068,53,3,,,,43,5
9763,108.03492063492064,53,4,,,,42,5
9764,108.48630385487529,54,1,,,,41,5
9765,108.96820861678005,54,2,,,,38,5
9766,109.45455782312925,54,3,,,,35,5
9767,109.90170068027211,54,4,,,,38,5
9768,110.34868480725623,55,1,,F7,,36,5
9769,110.84378684807257,55,2,,,,47,5
9770,111.32047619047619,55,3,,,,47,5
9771,111.79283446712019,55,4,,,,45,5
9772,112.28884353741496,56,1,,A-7,,45,5
9773,112.77077097505669,56,2,,,,33,5
9774,113.23766439909296,56,3,,D7,,38,5
9775,113.71419501133786,56,4,,,,44,5
9776,114.19632653061224,57,1,,G-7,,38,5
9777,114.70201814058957,57,2,,,,43,5
9778,115.18367346938776,57,3,,,,43,5
9779,115.68163265306123,57,4,,,,43,5
9780,116.16938775510204,58,1,,C7,,43,5
9781,116.68253968253968,58,2,,,,47,5
9782,117.16886621315193,58,3,,,,47,5
9783,117.66054421768708,58,4,,,,46,5
9784,118.1373015873016,59,1,,F7,,45,5
9785,118.60385487528345,59,2,,,,33,5
9786,119.09585034013605,59,3,,D7,,38,5
9787,119.58750566893424,59,4,,,,45,5
9788,120.09353741496598,60,1,,G-7,,43,5
9789,120.57959183673469,60,2,,,,43,5
9790,121.07621315192743,60,3,,C7,,48,5
9791,121.55285714285715,60,4,,,,35,5
9792,122.04696145124717,61,1,,F7,A1,42,6
9793,122.52122448979591,61,2,,,,43,6
9794,122.98775510204082,61,3,,,,43,6
9795,123.4742403628118,61,4,,,,43,6
9796,123.95918367346938,62,1,,Bb7,,42,6
9797,124.47142857142858,62,2,,,,46,6
9798,124.97340136054422,62,3,,,,50,6
9799,125.4349433106576,62,4,,,,49,6
9800,125.931179138322,63,1,,F7,,48,6
9801,126.39784580498866,63,2,,,,35,6
9802,126.8644671201814,63,3,,,,48,6
9803,127.34666666666666,63,4,,,,46,6
9804,127.81342403628118,64,1,,,,45,6
9805,128.30956916099774,64,2,,,,43,6
9806,128.76641723356008,64,3,,,,41,6
9807,129.2681179138322,64,4,,,,43,6
9808,129.74374149659863,65,1,,Bb7,,46,6
9809,130.2105215419501,65,2,,,,41,6
9810,130.6925396825397,65,3,,,,43,6
9811,131.18367346938774,65,4,,,,45,6
9812,131.6734693877551,66,1,,,,46,6
9813,132.1469387755102,66,2,,,,41,6
9814,132.62857142857143,66,3,,,,47,6
9815,133.11632653061224,66,4,,,,40,6
9816,133.61721088435374,67,1,,F7,,41,6
9817,134.07321995464852,67,2,,,,36,6
9818,134.5597052154195,67,3,,,,35,6
9819,135.04585034013604,67,4,,,,40,6
9820,135.54746031746032,68,1,,A-7,,34,6
9821,136.02401360544218,68,2,,,,39,6
9822,136.49603174603175,68,3,,D7,,33,6
9823,136.99208616780047,68,4,,,,38,6
9824,137.46439909297052,69,1,,G-7,,43,6
9825,137.94097505668935,69,2,,,,45,6
9826,138.442358276644,69,3,,,,38,6
9827,138.91907029478458,69,4,,,,43,6
9828,139.37600907029477,70,1,,C7,,36,6
9829,139.87764172335602,70,2,,,,38,6
9830,140.33802721088435,70,3,,,,39,6
9831,140.8046485260771,70,4,,,,40,6
9832,141.24897959183673,71,1,,F7,,45,6
9833,141.70891156462585,71,2,,,,33,6
9834,142.18548752834468,71,3,,D7,,38,6
9835,142.642358276644,71,4,,,,45,6
9836,143.10204081632654,72,1,,G-7,,43,6
9837,143.56526077097504,72,2,,,,38,6
9838,144.02226757369615,72,3,,C7,,36,6
9839,144.49854875283447,72,4,,,,43,6
9840,144.95544217687075,73,1,,F7,A1,41,7
9841,145.4321088435374,73,2,,,,35,7
9842,145.89882086167802,73,3,,,,43,7
9843,146.34598639455783,73,4,,,,49,7
9844,146.83251700680273,74,1,,Bb7,,48,7
9845,147.27873015873016,74,2,,,,46,7
9846,147.72034013605443,74,3,,,,45,7
9847,148.18716553287982,74,4,,,,43,7
9848,148.66122448979593,75,1,,F7,,41,7
9849,149.12065759637187,75,2,,,,39,7
9850,149.57551020408164,75,3,,,,38,7
9851,150.02448979591836,75,4,,,,37,7
9852,150.4734693877551,76,1,,,,36,7
9853,150.93061224489796,76,2,,,,43,7
9854,151.40408163265306,76,3,,,,41,7
9855,151.86122448979592,76,4,,,,45,7
9856,152.31020408163266,77,1,,Bb7,,46,7
9857,152.74081632653062,77,2,,,,38,7
9858,153.18367346938774,77,3,,,,41,7
9859,153.6326530612245,77,4,,,,43,7
9860,154.0734693877551,78,1,,,,45,7
9861,154.52857142857144,78,2,,,,41,7
9862,154.94489795918366,78,3,,,,45,7
9863,155.3877551020408,78,4,,,,47,7
9864,155.83877551020407,79,1,,F7,,47,7
9865,156.28163265306122,79,2,,,,45,7
9866,156.69591836734693,79,3,,,,46,7
9867,157.14285714285714,79,4,,,,43,7
9868,157.5795918367347,80,1,,A-7,,45,7
9869,158.0326530612245,80,2,,,,33,7
9870,158.4936507936508,80,3,,D7,,38,7
9871,158.93115646258502,80,4,,,,42,7
9872,159.37285714285716,81,1,,G-7,,43,7
9873,159.82857142857142,81,2,,,,45,7
9874,160.2956462585034,81,3,,,,38,7
9875,160.75251700680272,81,4,,,,43,7
9876,161.19977324263039,82,1,,C7,,40,7
9877,161.6512925170068,82,2,,,,43,7
9878,162.11816326530612,82,3,,,,47,7
9879,162.55555555555554,82,4,,,,45,7
9880,162.9964172335601,83,1,,F7,,45,7
9881,163.4434240362812,83,2,,,,33,7
9882,163.8851700680272,83,3,,D7,,38,7
9883,164.34224489795918,83,4,,,,44,7
9884,164.78927437641724,84,1,,G-7,,43,7
9885,165.25714285714287,84,2,,,,37,7
9886,165.73249433106577,84,3,,C7,,47,7
9887,166.19839002267574,84,4,,,,43,7
9888,166.6652380952381,85,1,,F7,A1,41,8
9889,167.11238095238096,85,2,,,,43,8
9890,167.55956916099774,85,3,,,,43,8
9891,168.0207029478458,85,4,,,,40,8
9892,168.48979591836735,86,1,,Bb7,,43,8
9893,168.96961451247165,86,2,,,,39,8
9894,169.4354195011338,86,3,,,,40,8
9895,169.92174603174604,86,4,,,,49,8
9896,170.37861678004535,87,1,,F7,,48,8
9897,170.86061224489796,87,2,,,,46,8
9898,171.3469387755102,87,3,,,,45,8
9899,171.83884353741496,87,4,,,,43,8
9900,172.3349433106576,88,1,,,,41,8
9901,172.82673469387754,88,2,,,,39,8
9902,173.28367346938776,88,3,,,,36,8
9903,173.73061224489797,88,4,,,,35,8
9904,174.19668934240363,89,1,,Bb7,,34,8
9905,174.67401360544218,89,2,,,,44,8
9906,175.1497052154195,89,3,,,,43,8
9907,175.62616780045352,89,4,,,,42,8
9908,176.10278911564626,90,1,,,,41,8
9909,176.5597052154195,90,2,,,,41,8
9910,177.041768707483,90,3,,,,35,8
9911,177.5281859410431,90,4,,,,35,8
9912,178.039410430839,91,1,,F7,,36,8
9913,178.5061678004535,91,2,,,,36,8
9914,178.98832199546484,91,3,,,,39,8
9915,179.45410430839001,91,4,,,,39,8
9916,179.93061224489796,92,1,,A-7,,33,8
9917,180.43215419501135,92,2,,,,33,8
9918,180.88979591836735,92,3,,D7,,38,8
9919,181.3795918367347,92,4,,,,44,8
9920,181.86938775510205,93,1,,G-7,,43,8
9921,182.35918367346937,93,2,,,,35,8
9922,182.84081632653061,93,3,,,,38,8
9923,183.30145124716555,93,4,,,,43,8
9924,183.8074149659864,94,1,,C7,,43,8
9925,184.28979591836736,94,2,,,,47,8
9926,184.7437641723356,94,3,,,,43,8
9927,185.23276643990928,94,4,,,,44,8
9928,185.68965986394556,95,1,,F7,,45,8
9929,186.1815873015873,95,2,,,,33,8
9930,186.64827664399093,95,3,,D7,,38,8
9931,187.14446712018142,95,4,,,,45,8
9932,187.6449886621315,96,1,,G-7,,43,8
9933,188.1118820861678,96,2,,,,49,8
9934,188.57866213151928,96,3,,C7,,48,8
9935,189.06938775510204,96,4,,,,36,8
9936,189.5372335600907,97,1,,F7,A1,44,9
9937,190.01374149659864,97,2,,,,43,9
9938,190.5061224489796,97,3,,,,46,9
9939,190.9821315192744,97,4,,,,35,9
9940,191.4381859410431,98,1,,Bb7,,48,9
9941,191.934693877551,98,2,,,,48,9
9942,192.41632653061225,98,3,,,,46,9
9943,192.91249433106577,98,4,,,,46,9
9944,193.41224489795917,99,1,,F7,,45,9
9945,193.91557823129253,99,2,,,,45,9
9946,194.38367346938776,99,3,,,,43,9
9947,194.8795918367347,99,4,,,,43,9
9948,195.3605215419501,100,1,,,,41,9
9949,195.82743764172335,100,2,,,,39,9
9950,196.32777777777778,100,3,,,,38,9
9951,196.80816326530612,100,4,,,,36,9
9952,197.28979591836736,101,1,,Bb7,,45,9
9953,197.75510204081633,101,2,,,,44,9
9954,198.25482993197278,101,3,,,,43,9
9955,198.74108843537414,101,4,,,,42,9
9956,199.20777777777778,102,1,,,,41,9
9957,199.68433106575964,102,2,,,,38,9
9958,200.17142857142858,102,3,,,,35,9
9959,200.6525850340136,102,4,,,,38,9
9960,201.12934240362813,103,1,,F7,,36,9
9961,201.5854648526077,103,2,,,,47,9
9962,202.05208616780044,103,3,,,,34,9
9963,202.53419501133786,103,4,,,,46,9
9964,203.02043083900227,104,1,,A-7,,45,9
9965,203.50260770975058,104,2,,,,33,9
9966,203.96927437641725,104,3,,D7,,38,9
9967,204.43607709750566,104,4,,,,42,9
9968,204.9321768707483,105,1,,G-7,,43,9
9969,205.42292517006803,105,2,,,,45,9
9970,205.88984126984127,105,3,,,,47,9
9971,206.35659863945577,105,4,,,,47,9
9972,206.84825396825397,106,1,,C7,,48,9
9973,207.32473922902494,106,2,,,,49,9
9974,207.8109523809524,106,3,,,,50,9
9975,208.30285714285714,106,4,,,,43,9
9976,208.779410430839,107,1,,F7,,43,9
9977,209.2712244897959,107,2,,,,47,9
9978,209.73877551020408,107,3,,D7,,46,9
9979,210.23961451247166,107,4,,,,44,9
9980,210.72487528344672,108,1,,G-7,,43,9
9981,211.2016326530612,108,2,,,,37,9
9982,211.6835827664399,108,3,,C7,,47,9
9983,212.16018140589568,108,4,,,,43,9
9984,212.66179138321996,109,1,,F7,A1,44,10
9985,213.13834467120182,109,2,,,,37,10
9986,213.6265306122449,109,3,,,,44,10
9987,214.11657596371882,109,4,,,,43,10
9988,214.60823129251702,110,1,,Bb7,,43,10
9989,215.07507936507938,110,2,,,,39,10
9990,215.57562358276644,110,3,,,,46,10
9991,216.04265306122448,110,4,,,,37,10
9992,216.51902494331065,111,1,,F7,,47,10
9993,217.0122448979592,111,2,,,,46,10
9994,217.4816326530612,111,3,,,,45,10
9995,217.9673469387755,111,4,,,,43,10
9996,218.47526077097507,112,1,,,,41,10
9997,218.95176870748298,112,2,,,,39,10
9998,219.41224489795917,112,3,,,,35,10
9999,219.90043083900227,112,4,,,,35,10
10000,220.37603174603174,113,1,,Bb7,,34,10
10001,220.85714285714286,113,2,,,,44,10
10002,221.36326530612246,113,3,,,,43,10
10003,221.84589569160997,113,4,,,,42,10
10004,222.35199546485262,114,1,,,,41,10
10005,222.80816326530612,114,2,,,,38,10
10006,223.27959183673468,114,3,,,,35,10
10007,223.7478231292517,114,4,,,,47,10
10008,224.20927437641723,115,1,,F7,,36,10
10009,224.6751020408163,115,2,,,,47,10
10010,225.1668934240363,115,3,,,,45,10
10011,225.6531746031746,115,4,,,,43,10
10012,226.15485260770976,116,1,,A-7,,45,10
10013,226.6269387755102,116,2,,,,33,10
10014,227.0857142857143,116,3,,D7,,38,10
10015,227.5673469387755,116,4,,,,45,10
10016,228.07172335600907,117,1,,G-7,,43,10
10017,228.54827664399093,117,2,,,,35,10
10018,229.0345351473923,117,3,,,,38,10
10019,229.51668934240362,117,4,,,,43,10
10020,229.9921768707483,118,1,,C7,,36,10
10021,230.4787074829932,118,2,,,,43,10
10022,230.96054421768707,118,3,,,,36,10
10023,231.4551020408163,118,4,,,,40,10
10024,231.965306122449,119,1,,F7,,41,10
10025,232.41521541950112,119,2,,,,33,10
10026,232.89795918367346,119,3,,D7,,38,10
10027,233.39340136054423,119,4,,,,45,10
10028,233.88519274376418,120,1,,G-7,,43,10
10029,234.3673469387755,120,2,,,,49,10
10030,234.87222222222223,120,3,,C7,,47,10
10031,235.34897959183672,120,4,,,,43,10
10032,235.83079365079365,121,1,,F7,A1,41,11
10033,236.3367573696145,121,2,,,,45,11
10034,236.84081632653061,121,3,,,,43,11
10035,237.3469387755102,121,4,,,,43,11
10036,237.85138321995464,122,1,,Bb7,,45,11
10037,238.34301587301587,122,2,,,,47,11
10038,238.84471655328798,122,3,,,,46,11
