eventid,onset,pitch,duration,bar,beat,tatum,beatdur
23054,4.828299319727891,60.0,0.18068027210884355,0,4,2,0.3387755102040817
23055,5.009705215419501,62.0,0.046439909297052155,1,1,2,0.35634920634920686
23056,5.061950113378685,64.0,0.058049886621315196,1,1,3,0.35634920634920686
23057,5.125804988662131,67.0,0.16253968253968254,1,1,4,0.35634920634920686
23058,5.305759637188209,65.0,0.19156462585034015,1,2,1,0.35244897959183685
23059,5.533605442176871,60.0,0.06312925170068028,1,2,3,0.35244897959183685
23060,5.661224489795918,64.0,0.19591836734693877,1,3,1,0.35809523809523736
23061,5.868843537414966,65.0,0.1458503401360544,1,3,2,0.35809523809523736
23062,6.101043083900227,58.0,0.16253968253968254,1,4,2,0.3515646258503402
23063,6.277551020408163,59.0,0.10204081632653061,1,4,4,0.3515646258503402
23064,6.3854875283446715,62.0,0.2147845804988662,2,1,1,0.35780045351473966
23065,6.6459863945578235,60.0,0.08272108843537415,2,1,4,0.35780045351473966
23066,6.728707482993197,61.0,0.11972789115646258,2,2,1,0.34723356009070283
23067,6.84843537414966,64.0,0.09142857142857143,2,2,2,0.34723356009070283
23068,6.94204081632653,67.0,0.12625850340136055,2,2,3,0.34723356009070283
23069,7.151020408163265,70.0,0.14802721088435375,2,3,2,0.36798185941043116
23070,7.299047619047619,72.0,0.0653061224489796,2,3,3,0.36798185941043116
23071,7.366530612244898,70.0,0.0783673469387755,2,3,4,0.36798185941043116
23072,7.45578231292517,69.0,0.211156462585034,2,4,1,0.362222222222222
23073,7.695238095238095,65.0,0.08489795918367347,2,4,3,0.362222222222222
23074,7.799727891156462,67.0,0.21551020408163266,3,1,1,0.3732653061224491
23075,8.015238095238095,60.0,0.09142857142857143,3,1,3,0.3732653061224491
23076,8.115374149659864,62.0,0.29024943310657597,3,1,4,0.3732653061224491
23077,8.407074829931974,63.0,0.7314285714285714,3,2,2,0.3515419501133792
23078,10.209523809523809,65.0,0.052244897959183675,4,3,4,0.35160997732426225
23079,10.27482993197279,65.0,0.13931972789115646,4,4,1,0.35791383219954653
23080,10.549115646258503,70.0,0.05877551020408163,4,4,4,0.35791383219954653
23081,10.62312925170068,71.0,0.13931972789115646,5,1,1,0.34272108843537374
23082,10.930068027210885,70.0,0.3570068027210884,5,1,4,0.34272108843537374
23083,11.404625850340135,70.0,0.0892517006802721,5,3,1,0.3675963718820867
23084,11.493877551020407,71.0,0.3004081632653061,5,3,2,0.3675963718820867
23085,11.794285714285714,70.0,0.2568707482993197,5,4,1,0.36795918367346836
23086,12.155102040816326,67.0,0.2,6,1,1,0.35682539682539627
23087,12.362448979591838,68.0,0.1545578231292517,6,1,2,0.35682539682539627
23088,12.523537414965986,65.0,0.1306122448979592,6,2,2,0.3581859410430841
23089,12.697687074829933,67.0,0.07401360544217687,6,2,5,0.3581859410430841
23090,12.778231292517006,65.0,0.11319727891156463,6,2,6,0.3581859410430841
23091,12.908843537414967,63.0,0.17197278911564626,6,3,2,0.36215419501133894
23092,13.096054421768708,60.0,0.15891156462584988,6,3,4,0.36215419501133894
23093,13.254965986394557,58.0,0.2895238095238095,6,4,1,0.3571882086167797
23094,13.544489795918368,53.0,0.19374149659863946,7,1,1,0.3675736961451239
23095,13.738231292517007,56.0,0.10666666666666735,7,1,3,0.3675736961451239
23096,13.844897959183674,57.0,0.2205895691609978,7,1,4,0.3675736961451239
23097,14.065487528344672,60.0,0.08417233560090587,7,2,4,0.35811791383220104
23098,14.149659863945578,63.0,0.047891156462585016,7,2,5,0.35811791383220104
23099,14.197551020408163,67.0,0.10884353741496598,7,2,6,0.35811791383220104
23100,14.332517006802721,65.0,0.18068027210884355,7,3,1,0.35163265306122327
23101,14.641632653061224,60.0,0.034829931972789115,7,4,1,0.33823129251700657
23102,14.678639455782314,62.0,0.1763265306122449,7,4,2,0.33823129251700657
23103,14.885442176870749,63.0,0.4897959183673469,7,4,4,0.33823129251700657
23104,16.043537414965986,61.0,0.1893877551020431,8,4,1,0.3676870748299308
23105,16.23292517006803,62.0,0.156734693877551,8,4,2,0.3676870748299308
23106,16.44625850340136,70.0,0.12925170068027114,9,1,2,0.36702947845805056
23107,16.57551020408163,72.0,0.0326530612244898,9,1,3,0.36702947845805056
23108,16.62857142857143,70.0,0.10204081632653061,9,1,4,0.36702947845805056
23109,16.751020408163264,69.0,0.211156462585034,9,2,1,0.3578231292516989
23110,16.973061224489797,67.0,0.0783673469387755,9,2,2,0.3578231292516989
23111,17.105850340136055,72.0,0.2220408163265306,9,3,1,0.3428344671201806
23112,17.33469387755102,67.0,0.20816326530612245,9,3,3,0.3428344671201806
23113,17.98748299319728,63.0,0.07183673469387755,10,1,3,0.35247165532879876
23114,18.059319727891157,64.0,0.09578231292517007,10,1,4,0.35247165532879876
23115,18.159455782312925,66.0,0.08272108843537415,10,2,1,0.3581405895691603
23116,18.2421768707483,67.0,0.06530612244898037,10,2,2,0.3581405895691603
23117,18.30748299319728,70.0,0.11319727891156463,10,2,3,0.3581405895691603
23118,18.422857142857143,75.0,0.08054421768707483,10,2,4,0.3581405895691603
23119,18.503401360544217,77.0,0.08054421768707483,10,3,1,0.33174603174603234
23120,18.583945578231294,76.0,0.034829931972787165,10,3,2,0.33174603174603234
23121,18.61877551020408,74.0,0.02394557823129252,10,3,3,0.33174603174603234
23122,18.642721088435373,75.0,0.09578231292517007,10,3,4,0.33174603174603234
23123,18.738503401360543,76.0,0.10666666666666913,10,3,5,0.33174603174603234
23124,18.845170068027212,73.0,0.11972789115646258,10,4,1,0.34276643990929756
23125,18.964897959183673,74.0,0.06530612244898037,10,4,4,0.34276643990929756
23126,19.030204081632654,75.0,0.0653061224489796,10,4,6,0.34276643990929756
23127,19.10421768707483,75.0,0.02394557823129252,10,4,7,0.34276643990929756
23128,19.12816326530612,73.0,0.07836734693877645,10,4,8,0.34276643990929756
23129,19.206530612244897,70.0,0.04789115646258504,11,1,1,0.3481405895691587
23130,19.269659863945577,70.0,0.041360544217687076,11,1,2,0.3481405895691587
23131,19.311020408163266,67.0,0.07836734693877645,11,1,3,0.3481405895691587
23132,19.389387755102042,72.0,0.07183673469387486,11,1,4,0.3481405895691587
23133,19.461224489795917,70.0,0.09578231292517007,11,1,5,0.3481405895691587
23134,19.557006802721087,69.0,0.10231292517006803,11,2,1,0.34147392290249456
23135,19.659319727891155,65.0,0.06965986394557788,11,2,3,0.34147392290249456
23136,19.728979591836733,61.0,0.07401360544217687,11,2,4,0.34147392290249456
23137,19.802993197278912,58.0,0.0761904761904762,11,2,5,0.34147392290249456
23138,19.893696145124718,60.0,0.40634920634920635,11,3,1,0.3386167800453528
23139,21.875374149659866,64.0,0.1001360544217687,12,4,2,0.3375283446712025
23140,21.975510204081633,65.0,0.12408163265305916,13,1,1,0.35247165532879876
23141,22.099591836734692,69.0,0.09632653061224516,13,1,2,0.35247165532879876
23142,22.195918367346938,72.0,0.10612244897959183,13,1,3,0.35247165532879876
23143,22.321632653061226,76.0,0.2198639455782292,13,2,1,0.36049886621314897
23144,22.541496598639455,77.0,0.08489795918367347,13,2,3,0.36049886621314897
23145,22.62639455782313,78.0,0.09360544217687075,13,2,4,0.36049886621314897
23146,22.72,79.0,0.1545578231292517,13,3,1,0.3591836734693885
23147,22.87455782312925,78.0,0.06965986394557823,13,3,3,0.3591836734693885
23148,22.94421768707483,77.0,0.13714285714285715,13,3,4,0.3591836734693885
23149,23.081360544217688,76.0,0.1654421768707483,13,4,1,0.35312925170068254
23150,23.246802721088436,74.0,0.16979591836734695,13,4,2,0.35312925170068254
23151,23.41877551020408,73.0,0.17197278911564626,14,1,1,0.35256235827664284
23152,23.642993197278912,64.0,0.10666666666666667,14,1,3,0.35256235827664284
23153,23.754013605442175,67.0,0.1676190476190476,14,2,1,0.34746031746031747
23154,23.96734693877551,69.0,0.1523809523809524,14,2,2,0.34746031746031747
23155,24.176326530612243,70.0,0.15891156462585343,14,3,2,0.36215419501133894
23156,24.335238095238097,72.0,0.07183673469387486,14,3,3,0.36215419501133894
23157,24.40707482993197,70.0,0.09142857142857143,14,3,4,0.36215419501133894
23158,24.498503401360544,69.0,0.18503401360544217,14,4,1,0.35612244897959044
23159,24.729251700680273,65.0,0.0783673469387755,14,4,3,0.35612244897959044
23160,24.840272108843536,67.0,0.10666666666666667,15,1,1,0.34285714285714164
23161,24.946938775510205,69.0,0.052244897959183675,15,1,2,0.34285714285714164
23162,25.003537414965987,67.0,0.06965986394557823,15,1,3,0.34285714285714164
23163,25.073197278911564,65.0,0.10448979591836735,15,1,4,0.34285714285714164
23164,25.177687074829933,62.0,0.21768707482993221,15,2,1,0.3632653061224502
23165,25.395374149659865,65.0,0.5028571428571429,15,2,2,0.3632653061224502
23166,25.898231292517007,67.0,0.09795918367346938,15,4,1,0.34693877551020336
23167,25.996190476190478,69.0,0.06530612244897682,15,4,2,0.34693877551020336
23168,26.061496598639454,67.0,0.03700680272108844,15,4,3,0.34693877551020336
23169,26.098503401360546,65.0,0.11755102040816112,15,4,4,0.34693877551020336
23170,26.216054421768707,63.0,0.20897959183673365,16,1,1,0.3632653061224467
23171,26.42503401360544,65.0,0.6421768707482993,16,1,2,0.3632653061224467
23172,27.879183673469388,60.0,0.06748299319727735,17,1,5,0.3517006802721099
23173,27.946666666666665,62.0,0.2503401360544218,17,1,6,0.3517006802721099
23174,28.22530612244898,65.0,0.06748299319727735,17,2,5,0.3579591836734686
23175,28.292789115646258,68.0,0.07183673469387755,17,2,6,0.3579591836734686
23176,28.4,72.0,0.19591836734693877,17,3,1,0.3623356009070271
23177,28.60843537414966,70.0,0.1327891156462585,17,3,2,0.3623356009070271
23178,28.745578231292516,68.0,0.09578231292517007,17,4,2,0.3480045351473926
23179,28.841360544217686,70.0,0.0783673469387755,17,4,3,0.3480045351473926
23180,28.919727891156462,68.0,0.0653061224489796,17,4,4,0.3480045351473926
23181,28.985034013605443,65.0,0.11755102040816326,17,4,5,0.3480045351473926
23182,29.15265306122449,67.0,0.2220408163265306,18,1,1,0.36684807256235885
23183,29.412244897959184,65.0,0.2163265306122449,18,2,1,0.35247165532879876
23184,29.696870748299318,63.0,0.16979591836734695,18,2,4,0.35247165532879876
23185,29.931972789115648,60.0,0.2220408163265306,18,3,2,0.3383900226757355
23186,30.191836734693876,58.0,0.16326530612244897,18,4,2,0.3515419501133792
23187,30.39183673469388,53.0,0.1346938775510204,18,4,4,0.3515419501133792
23188,30.58938775510204,57.0,0.3983673469387755,19,1,2,0.338367346938778
23189,31.005170068027212,60.0,0.03700680272108844,19,2,4,0.36780045351473944
23190,31.0421768707483,62.0,0.04789115646258324,19,2,5,0.36780045351473944
23191,31.090068027210883,64.0,0.0674829931972789,19,2,6,0.36780045351473944
23192,31.16843537414966,67.0,0.1001360544217687,19,3,1,0.3766213151927431
23193,31.309931972789116,72.0,0.156734693877551,19,3,2,0.3766213151927431
23194,31.49795918367347,67.0,0.1414965986394558,19,3,4,0.3766213151927431
23195,31.656054421768708,64.0,0.1523809523809524,19,4,2,0.37768707482993236
23196,31.836734693877553,61.0,0.12244897959183673,19,4,4,0.37768707482993236
23197,32.01959183673469,73.0,0.1980952380952381,20,1,2,0.3524716553287952
23198,32.23074829931973,71.0,0.1262585034013597,20,1,4,0.3524716553287952
23199,32.35700680272109,66.0,0.1349659863945578,20,2,2,0.3472789115646293
23200,32.500680272108845,63.0,0.09795918367346701,20,2,3,0.3472789115646293
23201,32.59863945578231,59.0,0.10231292517006803,20,3,1,0.35807256235827367
23202,32.72707482993197,70.0,0.24435374149659594,20,3,2,0.35807256235827367
23203,32.97142857142857,68.0,0.24489795918367346,20,4,1,0.3525170068027208
23204,33.9178231292517,63.0,0.10666666666666913,21,2,2,0.3525170068027208
23205,34.02448979591837,64.0,0.08489795918367347,21,3,1,0.34165532879818983
23206,34.115918367346936,66.0,0.07619047619047592,21,3,2,0.34165532879818983
23207,34.19210884353741,68.0,0.07619047619048303,21,3,3,0.34165532879818983
23208,34.268299319727895,71.0,0.07401360544217687,21,3,4,0.34165532879818983
23209,34.34231292517007,75.0,0.08054421768707483,21,4,1,0.3677777777777749
23210,34.44680272108844,77.0,0.1349659863945578,21,4,2,0.3677777777777749
23211,34.969251700680275,63.0,0.09142857142857252,22,1,5,0.367823129251704
23212,35.06068027210885,64.0,0.0653061224489796,22,1,6,0.367823129251704
23213,35.13687074829932,67.0,0.0783673469387755,22,2,1,0.3473015873015868
23214,35.22829931972789,69.0,0.06095238095238095,22,2,2,0.3473015873015868
23215,35.29142857142857,70.0,0.05442176870748299,22,2,3,0.3473015873015868
23216,35.44816326530612,73.0,0.11537414965986414,22,3,1,0.36786848072561895
23217,35.563537414965985,72.0,0.08707482993197278,22,3,2,0.36786848072561895
23218,35.66149659863945,70.0,0.06095238095238642,22,3,3,0.36786848072561895
23219,35.72244897959184,69.0,0.10013605442176754,22,3,4,0.36786848072561895
23220,35.822585034013606,67.0,0.0783673469387755,22,4,1,0.3426757369614535
23221,35.90965986394558,65.0,0.07836734693877645,22,4,2,0.3426757369614535
23222,35.988027210884354,64.0,0.09578231292517007,22,4,3,0.3426757369614535
23223,36.08816326530612,55.0,0.07183673469387755,22,4,4,0.3426757369614535
23224,36.16,58.0,0.09142857142857143,23,1,1,0.3569841269841234
23225,36.264489795918365,61.0,0.07401360544217687,23,1,2,0.3569841269841234
23226,36.33850340136055,60.0,0.0761904761904762,23,1,3,0.3569841269841234
23227,36.434285714285714,57.0,0.056598639455782314,23,1,4,0.3569841269841234
23228,36.4908843537415,58.0,0.0674829931972789,23,2,1,0.34269841269841805
23229,36.586666666666666,69.0,0.14367346938775682,23,2,2,0.34269841269841805
23230,36.73034013605442,63.0,0.08272108843537415,23,2,3,0.34269841269841805
23231,36.817414965986394,64.0,0.07183673469387755,23,2,4,0.34269841269841805
23232,36.88979591836735,67.0,0.1306122448979592,23,3,1,0.348344671201815
23233,37.48789115646259,59.0,0.05006802721088435,23,4,4,0.3514739229024926
23234,37.53795918367347,60.0,1.158095238095238,24,1,1,0.35786848072562094
23235,38.710204081632654,62.0,0.19591836734693877,24,4,2,0.3670975056689372
23236,38.91836734693877,60.0,0.08979591836734693,24,4,4,0.3670975056689372
23237,39.0595918367347,67.0,0.08707482993197278,25,1,2,0.37750566893424065
23238,39.14666666666667,69.0,0.14367346938775682,25,1,4,0.37750566893424065
23239,39.290340136054425,72.0,0.04353741496598218,25,1,7,0.37750566893424065
23240,39.33387755102041,69.0,0.12190476190476573,25,1,8,0.37750566893424065
23241,39.45578231292517,67.0,0.1763265306122449,25,2,2,0.3669160997732419
23242,39.64734693877551,65.0,0.2002721088435374,25,2,4,0.3669160997732419
23243,40.35918367346939,69.0,0.1414965986394558,25,4,2,0.35816326530611775
23244,40.500680272108845,70.0,0.13278911564625417,26,1,1,0.36142857142857565
23245,40.6334693877551,72.0,0.052244897959183675,26,1,2,0.36142857142857565
23246,40.68571428571428,69.0,0.1327891156462585,26,1,3,0.36142857142857565
23247,40.861224489795916,67.0,0.18775510204081633,26,2,1,0.36770975056688826
23248,41.053605442176874,65.0,0.1676190476190476,26,2,2,0.36770975056688826
23249,41.225578231292516,64.0,0.14802721088435375,26,3,1,0.3731519274376467
23250,41.416326530612245,62.0,0.19591836734693877,26,3,2,0.3731519274376467
23251,41.63047619047619,61.0,0.15891156462585035,26,4,1,0.3516099773242587
23252,41.80680272108844,64.0,0.18068027210883741,26,4,2,0.3516099773242587
23253,41.987482993197276,62.0,0.1785034013605442,27,1,2,0.3676643990929733
23254,42.21605442176871,61.0,0.11755102040815757,27,1,4,0.3676643990929733
23255,42.33360544217687,62.0,0.1893877551020408,27,2,1,0.35816326530611775
23256,42.5265306122449,64.0,0.15918367346938775,27,2,2,0.35816326530611775
23257,42.71836734693878,65.0,0.17551020408163265,27,3,1,0.3748072562358331
23258,42.901768707482994,67.0,0.16108843537414685,27,3,2,0.3748072562358331
23259,43.06285714285714,69.0,0.2764625850340136,27,4,1,0.34693877551020336
23260,43.39156462585034,62.0,0.27210884353740994,28,1,1,0.345759637188209
23261,43.66367346938775,63.0,0.6204081632653061,28,1,4,0.345759637188209
23262,45.05904761904762,70.0,0.08707482993197278,29,1,4,0.33208616780044764
23263,45.19183673469388,72.0,0.2786394557823129,29,2,1,0.3609523809523836
23264,45.53578231292517,77.0,0.23945578231292516,29,3,1,0.3691383219954645
23265,45.775238095238095,73.0,0.0674829931972809,29,3,3,0.3691383219954645
23266,45.842721088435376,70.0,0.06312925170067984,29,4,1,0.3471882086167781
23267,45.905850340136055,68.0,0.2307482993197279,29,4,2,0.3471882086167781
23268,46.138775510204084,65.0,0.37551020408163266,29,4,4,0.3471882086167781
23269,46.863673469387756,60.0,0.0674829931972789,30,2,4,0.35777777777777686
23270,46.95292517006803,71.0,0.16108843537414966,30,3,1,0.34195011337868664
23271,47.159727891156464,70.0,0.13714285714285715,30,3,2,0.34195011337868664
23272,47.30122448979592,68.0,0.09142857142857143,30,4,1,0.3676870748299308
23273,47.39265306122449,70.0,0.07401360544217687,30,4,2,0.3676870748299308
23274,47.46884353741497,68.0,0.08054421768706987,30,4,3,0.3676870748299308
23275,47.54938775510204,65.0,0.1001360544217687,30,4,4,0.3676870748299308
23276,47.71700680272109,67.0,0.1197278911564652,31,1,2,0.3677551020408174
23277,47.83673469387755,69.0,0.2917006802721088,31,1,3,0.3677551020408174
23278,48.12843537414966,72.0,0.041360544217687076,31,2,3,0.3515873015873012
23279,48.16979591836735,69.0,0.11319727891156463,31,2,4,0.3515873015873012
23280,48.28952380952381,64.0,0.0892517006802721,31,2,6,0.3515873015873012
23281,48.38312925170068,62.0,0.052244897959183675,31,3,1,0.3384126984126965
23282,48.47673469387755,62.0,0.5224489795918368,31,3,2,0.3384126984126965
23283,50.65795918367347,63.0,0.11755102040816326,33,1,2,0.36786848072561895
23284,50.775510204081634,64.0,0.06312925170067984,33,2,1,0.3569387755102085
23285,50.838639455782314,67.0,0.08272108843537415,33,2,2,0.3569387755102085
23286,50.923537414965985,69.0,0.08054421768707698,33,2,3,0.3569387755102085
23287,51.00408163265306,70.0,0.08707482993197278,33,2,4,0.3569387755102085
23288,51.09115646258503,71.0,0.08707482993197278,33,2,5,0.3569387755102085
23289,51.182585034013606,72.0,0.1110204081632653,33,3,1,0.34544217687074763
23290,51.29360544217687,71.0,0.1110204081632653,33,3,2,0.34544217687074763
23291,51.40462585034014,70.0,0.08054421768707483,33,3,3,0.34544217687074763
23292,51.74204081632653,63.0,0.11537414965986395,33,4,2,0.3651020408163248
23293,51.85741496598639,64.0,0.045714285714285714,34,1,1,0.3515192743764146
23294,51.90312925170068,67.0,0.04789115646258504,34,1,2,0.3515192743764146
23295,51.95102040816327,69.0,0.07401360544217539,34,1,3,0.3515192743764146
23296,52.02503401360544,70.0,0.1001360544217687,34,1,4,0.3515192743764146
23297,52.12517006802721,71.0,0.10448979591836735,34,1,6,0.3515192743764146
23298,52.22965986394558,72.0,0.11755102040816326,34,2,1,0.3676190476190513
23299,52.34721088435374,71.0,0.0653061224489796,34,2,3,0.3676190476190513
23300,52.41251700680272,70.0,0.09578231292516648,34,2,4,0.3676190476190513
23301,52.50829931972789,69.0,0.1306122448979592,34,2,5,0.3676190476190513
23302,52.63891156462585,67.0,0.0674829931972789,34,3,2,0.3384807256235831
23303,52.70639455782313,65.0,0.0761904761904762,34,3,3,0.3384807256235831
23304,52.78258503401361,64.0,0.09795918367346938,34,3,4,0.3384807256235831
23305,52.90884353741497,67.0,0.034829931972789115,34,4,1,0.3515873015873012
23306,52.95891156462585,70.0,0.09578231292516648,34,4,2,0.3515873015873012
23307,53.05469387755102,73.0,0.11972789115646258,34,4,3,0.3515873015873012
23308,53.244081632653064,70.0,0.05877551020408163,35,1,1,0.37764172335600676
23309,53.31156462585034,70.0,0.09578231292517007,35,1,2,0.37764172335600676
23310,53.40734693877551,72.0,0.05006802721088435,35,1,3,0.37764172335600676
23311,53.459591836734695,70.0,0.07619047619047592,35,1,4,0.37764172335600676
23312,53.53578231292517,69.0,0.08707482993197278,35,1,5,0.37764172335600676
23313,53.62503401360544,67.0,0.10884353741496598,35,2,1,0.34816326530612685
23314,53.733877551020406,65.0,0.07183673469387755,35,2,2,0.34816326530612685
23315,54.29333333333334,62.0,0.05877551020408163,35,3,4,0.3667573696145112
23316,54.356462585034016,64.0,0.7401360544217681,35,4,1,0.35807256235827367
23317,55.096598639455785,67.0,0.08707482993197278,36,2,1,0.36133786848072447
23318,55.183673469387756,65.0,0.07401360544217687,36,2,2,0.36133786848072447
23319,55.25986394557823,64.0,0.0892517006802721,36,2,3,0.36133786848072447
23320,55.349115646258504,62.0,0.08707482993197278,36,2,4,0.36133786848072447
23321,55.440544217687076,61.0,0.1414965986394558,36,3,1,0.3581405895691603
23322,55.59510204081633,65.0,0.10448979591836735,36,3,3,0.3581405895691603
23323,55.6995918367347,61.0,0.0892517006802721,36,3,4,0.3581405895691603
23324,55.78884353741497,60.0,0.06965986394557823,36,4,1,0.3433333333333337
23325,55.904217687074826,58.0,0.08489795918367347,36,4,2,0.3433333333333337
23326,55.993469387755106,57.0,0.0674829931972738,36,4,3,0.3433333333333337
23327,56.06095238095238,60.0,0.08054421768707483,36,4,4,0.3433333333333337
23328,56.141496598639456,64.0,0.05877551020408163,37,1,1,0.35975056689342466
23329,56.202448979591836,65.0,0.11755102040816326,37,1,2,0.35975056689342466
23330,56.32,62.0,0.11537414965986395,37,1,3,0.35975056689342466
23331,56.435374149659864,64.0,0.09578231292516648,37,1,4,0.35975056689342466
23332,56.53115646258503,60.0,0.2851700680272109,37,2,1,0.34285714285714164
